speaker_id,region,gender,age_group,minutes,role
A01,Aukštaitija,female,60+,56.5,train
A02,Aukštaitija,female,60+,67.5,test
A03,Aukštaitija,female,60+,93.9,train
A04,Aukštaitija,female,18-60,117.8,train
A05,Aukštaitija,male,18-60,0.5,train
A06,Aukštaitija,female,60+,22.4,train
A07,Aukštaitija,female,60+,35.0,train
A08,Aukštaitija,female,18-60,26.3,train
A09,Aukštaitija,female,18-60,47.6,train
A10,Aukštaitija,female,18-60,55.7,train
A11,Aukštaitija,male,60+,32.0,train
A12,Aukštaitija,male,18-60,54.8,test
A13,Aukštaitija,male,18-60,56.7,seen
A14,Aukštaitija,female,60+,71.5,train
A15,Aukštaitija,female,60+,54.5,train
A16,Aukštaitija,female,60+,29.2,train
A17,Aukštaitija,female,18-60,37.7,train
A18,Aukštaitija,female,18-60,23.5,train
A19,Aukštaitija,female,18-60,58.4,test
A20,Aukštaitija,male,60+,51.5,train
A21,Aukštaitija,female,60+,36.7,train
A22,Aukštaitija,female,18-60,49.9,train
A23,Aukštaitija,female,60+,69.9,train
A24,Aukštaitija,female,60+,31.5,train
A25,Aukštaitija,female,60+,71.1,train
A26,Aukštaitija,female,60+,87.0,train
A27,Aukštaitija,male,18-60,40.6,train
A28,Aukštaitija,female,18-60,32.2,dev
A29,Aukštaitija,female,60+,68.2,train
A30,Aukštaitija,female,18-60,103.4,train
A31,Aukštaitija,female,60+,92.3,train
A32,Aukštaitija,male,18-60,52.8,train
A33,Aukštaitija,female,18-60,49.9,train
A34,Aukštaitija,female,60+,67.5,train
A35,Aukštaitija,male,18-60,53.6,train
A36,Aukštaitija,male,18-60,37.9,dev
A37,Aukštaitija,female,60+,17.1,train
A38,Aukštaitija,male,60+,31.9,train
A39,Aukštaitija,male,60+,64.1,train
A40,Aukštaitija,male,60+,74.5,seen
A41,Aukštaitija,female,60+,40.3,train
A42,Aukštaitija,female,60+,88.5,train
A43,Aukštaitija,female,60+,32.5,seen
A44,Aukštaitija,female,60+,27.2,train
A45,Aukštaitija,female,18-60,61.8,train
D01,Dzūkija,female,60+,13.2,train
D02,Dzūkija,female,60+,67.3,train
D03,Dzūkija,female,60+,44.8,train
D04,Dzūkija,female,18-60,56.9,train
D05,Dzūkija,female,60+,96.3,train
D06,Dzūkija,female,60+,22.6,train
D07,Dzūkija,female,60+,17.3,train
D08,Dzūkija,female,18-60,60.4,train
D09,Dzūkija,male,18-60,47.5,dev
D10,Dzūkija,female,60+,39.6,train
D11,Dzūkija,female,18-60,7.5,train
D12,Dzūkija,female,60+,55.7,train
D13,Dzūkija,female,60+,42.0,train
D14,Dzūkija,female,18-60,42.2,dev
D15,Dzūkija,male,18-60,48.7,seen
D16,Dzūkija,female,18-60,45.9,train
D17,Dzūkija,female,18-60,14.0,train
D18,Dzūkija,female,60+,81.4,test
D19,Dzūkija,female,18-60,34.6,test
D20,Dzūkija,female,60+,57.4,train
D21,Dzūkija,male,60+,20.7,seen
D22,Dzūkija,male,60+,50.1,train
D23,Dzūkija,male,18-60,41.8,test
D24,Dzūkija,female,60+,64.9,seen
D25,Dzūkija,female,60+,47.4,train
S01,Suvalkija,female,60+,64.3,test
S02,Suvalkija,female,60+,57.9,seen
S03,Suvalkija,male,18-60,51.1,dev
S04,Suvalkija,male,60+,36.7,seen
S05,Suvalkija,female,60+,41.1,train
S06,Suvalkija,male,18-60,44.0,train
S07,Suvalkija,female,18-60,24.2,train
S08,Suvalkija,female,18-60,46.3,test
S09,Suvalkija,female,60+,62.7,train
S10,Suvalkija,male,60+,25.7,train
S11,Suvalkija,female,18-60,33.1,train
S12,Suvalkija,female,18-60,45.7,train
S13,Suvalkija,female,18-60,62.3,seen
S14,Suvalkija,female,60+,69.3,train
S15,Suvalkija,female,60+,51.0,dev
S16,Suvalkija,male,60+,50.0,test
S17,Suvalkija,male,60+,22.7,train
S18,Suvalkija,female,60+,49.9,train
Z01,Žemaitija,female,18-60,72.5,train
Z02,Žemaitija,female,18-60,58.8,train
Z03,Žemaitija,female,60+,69.7,train
Z04,Žemaitija,female,60+,77.9,train
Z05,Žemaitija,male,18-60,70.8,seen
Z06,Žemaitija,female,18-60,82.1,train
Z07,Žemaitija,female,18-60,53.0,dev
Z08,Žemaitija,male,60+,34.3,train
Z09,Žemaitija,female,60+,62.4,train
Z10,Žemaitija,female,18-60,55.4,train
Z11,Žemaitija,female,60+,47.0,train
Z12,Žemaitija,female,18-60,22.2,train
Z13,Žemaitija,female,18-60,93.1,seen
Z14,Žemaitija,female,18-60,55.8,train
Z15,Žemaitija,male,60+,67.3,dev
Z16,Žemaitija,female,18-60,46.2,train
Z17,Žemaitija,female,18-60,54.9,train
Z18,Žemaitija,male,60+,53.1,train
Z19,Žemaitija,male,18-60,40.0,test
Z20,Žemaitija,female,18-60,47.8,test
Z21,Žemaitija,female,60+,61.7,test
Z22,Žemaitija,female,60+,76.5,train
Z23,Žemaitija,male,18-60,71.0,train
Z24,Žemaitija,female,18-60,33.5,train
Z25,Žemaitija,female,60+,62.8,train
Z26,Žemaitija,male,60+,53.1,seen
Z27,Žemaitija,female,18-60,28.7,train
Z28,Žemaitija,female,18-60,79.5,train
Z29,Žemaitija,female,18-60,65.4,train
