speaker_id,region,gender,age_group,clips,minutes,sessions
A01,Aukštaitija,female,60+,1154,56.5,1
A02,Aukštaitija,female,60+,1405,67.5,1
A03,Aukštaitija,female,60+,2096,93.9,1
A04,Aukštaitija,female,18-60,3290,117.8,12
A05,Aukštaitija,male,18-60,26,0.5,1
A06,Aukštaitija,female,60+,387,22.4,1
A07,Aukštaitija,female,60+,691,35.0,1
A08,Aukštaitija,female,18-60,571,26.3,1
A09,Aukštaitija,female,18-60,894,47.6,1
A10,Aukštaitija,female,18-60,976,55.7,1
A11,Aukštaitija,male,60+,737,32.0,1
A12,Aukštaitija,male,18-60,832,54.8,1
A13,Aukštaitija,male,18-60,1283,56.7,1
A14,Aukštaitija,female,60+,1252,71.5,1
A15,Aukštaitija,female,60+,1040,54.5,1
A16,Aukštaitija,female,60+,586,29.2,1
A17,Aukštaitija,female,18-60,705,37.7,1
A18,Aukštaitija,female,18-60,580,23.5,1
A19,Aukštaitija,female,18-60,915,58.4,1
A20,Aukštaitija,male,60+,843,51.5,1
A21,Aukštaitija,female,60+,771,36.7,1
A22,Aukštaitija,female,18-60,853,49.9,1
A23,Aukštaitija,female,60+,1689,69.9,1
A24,Aukštaitija,female,60+,592,31.5,1
A25,Aukštaitija,female,60+,1595,71.1,1
A26,Aukštaitija,female,60+,1479,87.0,1
A27,Aukštaitija,male,18-60,877,40.6,1
A28,Aukštaitija,female,18-60,549,32.2,1
A29,Aukštaitija,female,60+,1217,68.2,1
A30,Aukštaitija,female,18-60,1311,103.4,1
A31,Aukštaitija,female,60+,1264,92.3,1
A32,Aukštaitija,male,18-60,1365,52.8,1
A33,Aukštaitija,female,18-60,823,49.9,1
A34,Aukštaitija,female,60+,1102,67.5,1
A35,Aukštaitija,male,18-60,1247,53.6,1
A36,Aukštaitija,male,18-60,981,37.9,1
A37,Aukštaitija,female,60+,319,17.1,1
A38,Aukštaitija,male,60+,722,31.9,1
A39,Aukštaitija,male,60+,1511,64.1,1
A40,Aukštaitija,male,60+,1377,74.5,1
A41,Aukštaitija,female,60+,963,40.3,1
A42,Aukštaitija,female,60+,1075,88.5,1
A43,Aukštaitija,female,60+,649,32.5,1
A44,Aukštaitija,female,60+,589,27.2,1
A45,Aukštaitija,female,18-60,1452,61.8,1
D01,Dzūkija,female,60+,325,13.2,1
D02,Dzūkija,female,60+,1206,67.3,1
D03,Dzūkija,female,60+,828,44.8,1
D04,Dzūkija,female,18-60,1117,56.9,2
D05,Dzūkija,female,60+,1658,96.3,1
D06,Dzūkija,female,60+,305,22.6,1
D07,Dzūkija,female,60+,301,17.3,1
D08,Dzūkija,female,18-60,843,60.4,1
D09,Dzūkija,male,18-60,883,47.5,1
D10,Dzūkija,female,60+,785,39.6,1
D11,Dzūkija,female,18-60,167,7.5,1
D12,Dzūkija,female,60+,1020,55.7,1
D13,Dzūkija,female,60+,561,42.0,1
D14,Dzūkija,female,18-60,979,42.2,1
D15,Dzūkija,male,18-60,788,48.7,1
D16,Dzūkija,female,18-60,712,45.9,1
D17,Dzūkija,female,18-60,333,14.0,1
D18,Dzūkija,female,60+,1571,81.4,1
D19,Dzūkija,female,18-60,564,34.6,1
D20,Dzūkija,female,60+,987,57.4,1
D21,Dzūkija,male,60+,419,20.7,1
D22,Dzūkija,male,60+,669,50.1,1
D23,Dzūkija,male,18-60,869,41.8,1
D24,Dzūkija,female,60+,1198,64.9,1
D25,Dzūkija,female,60+,826,47.4,1
S01,Suvalkija,female,60+,1325,64.3,1
S02,Suvalkija,female,60+,783,57.9,1
S03,Suvalkija,male,18-60,1053,51.1,1
S04,Suvalkija,male,60+,789,36.7,1
S05,Suvalkija,female,60+,736,41.1,1
S06,Suvalkija,male,18-60,683,44.0,1
S07,Suvalkija,female,18-60,377,24.2,1
S08,Suvalkija,female,18-60,472,46.3,1
S09,Suvalkija,female,60+,1242,62.7,1
S10,Suvalkija,male,60+,470,25.7,1
S11,Suvalkija,female,18-60,591,33.1,1
S12,Suvalkija,female,18-60,728,45.7,1
S13,Suvalkija,female,18-60,845,62.3,1
S14,Suvalkija,female,60+,1334,69.3,1
S15,Suvalkija,female,60+,758,51.0,1
S16,Suvalkija,male,60+,1084,50.0,1
S17,Suvalkija,male,60+,457,22.7,1
S18,Suvalkija,female,60+,743,49.9,1
Z01,Žemaitija,female,18-60,1008,72.5,1
Z02,Žemaitija,female,18-60,808,58.8,1
Z03,Žemaitija,female,60+,1307,69.7,1
Z04,Žemaitija,female,60+,1718,77.9,1
Z05,Žemaitija,male,18-60,1290,70.8,1
Z06,Žemaitija,female,18-60,426,82.1,1
Z07,Žemaitija,female,18-60,802,53.0,1
Z08,Žemaitija,male,60+,831,34.3,1
Z09,Žemaitija,female,60+,1222,62.4,1
Z10,Žemaitija,female,18-60,773,55.4,1
Z11,Žemaitija,female,60+,803,47.0,1
Z12,Žemaitija,female,18-60,419,22.2,1
Z13,Žemaitija,female,18-60,1952,93.1,1
Z14,Žemaitija,female,18-60,947,55.8,1
Z15,Žemaitija,male,60+,1695,67.3,1
Z16,Žemaitija,female,18-60,887,46.2,1
Z17,Žemaitija,female,18-60,836,54.9,1
Z18,Žemaitija,male,60+,1157,53.1,1
Z19,Žemaitija,male,18-60,905,40.0,1
Z20,Žemaitija,female,18-60,1047,47.8,1
Z21,Žemaitija,female,60+,1212,61.7,1
Z22,Žemaitija,female,60+,1244,76.5,1
Z23,Žemaitija,male,18-60,1390,71.0,1
Z24,Žemaitija,female,18-60,806,33.5,4
Z25,Žemaitija,female,60+,1006,62.8,1
Z26,Žemaitija,male,60+,1265,53.1,1
Z27,Žemaitija,female,18-60,593,28.7,1
Z28,Žemaitija,female,18-60,1501,79.5,1
Z29,Žemaitija,female,18-60,1101,65.4,1
